{"cameraMode":{"drawMode":0,"name":"Shaded","section":"Shading Mode"},"sceneLighting":false,"audioPlay":false,"sceneViewState":{"showFog":true,"showMaterialUpdate":false,"showSkybox":true,"showFlares":true,"showImageEffects":true,"showParticleSystems":true},"in2DMode":false,"pivot":{"x":-8.669764518737793,"y":-0.07785522937774658,"z":-0.23839282989501954},"rotation":{"x":0.02322281524538994,"y":0.9484739899635315,"z":-0.3078114092350006,"w":0.07155616581439972},"size":3.00068998336792,"orthographic":false}