{"cameraMode":{"drawMode":0,"name":"Shaded","section":"Shading Mode"},"sceneLighting":false,"audioPlay":false,"sceneViewState":{"showFog":true,"showMaterialUpdate":false,"showSkybox":true,"showFlares":true,"showImageEffects":true,"showParticleSystems":true},"in2DMode":false,"pivot":{"x":-3.751708984375,"y":-0.252197265625,"z":0.21484375},"rotation":{"x":-0.014744930900633335,"y":0.9760757684707642,"z":-0.2052992433309555,"w":-0.07010407000780106},"size":4.001763343811035,"orthographic":true}