{"cameraMode":{"drawMode":0,"name":"Shaded","section":"Shading Mode"},"sceneLighting":false,"audioPlay":false,"sceneViewState":{"showFog":true,"showMaterialUpdate":false,"showSkybox":true,"showFlares":true,"showImageEffects":true,"showParticleSystems":true},"in2DMode":false,"pivot":{"x":-11.317657470703125,"y":1.470057487487793,"z":-4.403494834899902},"rotation":{"x":-0.031823720782995227,"y":0.9590018391609192,"z":-0.25491997599601748,"w":-0.11972339451313019},"size":16.749380111694337,"orthographic":false}