{"cameraMode":{"drawMode":0,"name":"Shaded","section":"Shading Mode"},"sceneLighting":false,"audioPlay":false,"sceneViewState":{"showFog":true,"showMaterialUpdate":false,"showSkybox":true,"showFlares":true,"showImageEffects":true,"showParticleSystems":true},"in2DMode":false,"pivot":{"x":-8.109199523925782,"y":-0.12040519714355469,"z":-0.06999993324279785},"rotation":{"x":-0.05128667503595352,"y":0.9437627792358398,"z":-0.2752806544303894,"w":-0.17583343386650086},"size":10.271026611328125,"orthographic":false}