{"cameraMode":{"drawMode":0,"name":"Shaded","section":"Shading Mode"},"sceneLighting":true,"audioPlay":false,"sceneViewState":{"showFog":true,"showMaterialUpdate":false,"showSkybox":true,"showFlares":true,"showImageEffects":true,"showParticleSystems":true},"in2DMode":false,"pivot":{"x":-12.351722717285157,"y":-0.1344451904296875,"z":3.5921764373779299},"rotation":{"x":-0.1298661082983017,"y":0.8533270955085754,"z":-0.4364844262599945,"w":-0.25390195846557619},"size":9.846962928771973,"orthographic":false}